id_product,reference,id_category_default,price,description_short,description,name_product
3,00100,22,0,,,"Фляжка (береста, металл)"
4,00100-1,22,0,,,"Шкатулка (дерево, лазерная гравировка)"
5,00100-10,22,0,,,"Магнит (береста)"
6,00100-11,22,0,,,"Шкатулка (береста, дерево)"
7,00100-12,22,0,,,"Шкатлука под формат А4 (береста, дерево)"
8,00100-13,22,0,,,"Шкатулка под бутылку (береста, дерево)"
9,00100-14,22,0,,,"Набор: фляжка+стопки+зажигалка (береста, дерево)"
10,00100-15,22,0,,,"Шкатулка под бутылку верт. (береста, дерево)"